[
  {
    "problem": "C++ STL Vector #1",
    "language": "sql",
    "time": "almost 2 years",
    "result": "Time Limit Exceeded",
    "score": 8.8
  },
  {
    "problem": "C++ Inheritance #2",
    "language": "bash",
    "time": "recently",
    "result": "Accepted",
    "score": 7.8
  },
  {
    "problem": "Git Commands #3",
    "language": "c++",
    "time": "recently",
    "result": "Accepted",
    "score": 10.8
  },
  {
    "problem": "JavaScript Promises #4",
    "language": "bash",
    "time": "almost 2 years",
    "result": "Accepted",
    "score": 11.4
  },
  {
    "problem": "Data Structures Queue #5",
    "language": "java",
    "time": "almost 2 years",
    "result": "Time Limit Exceeded",
    "score": 6.6
  },
  {
    "problem": "Algorithms Sorting #6",
    "language": "bash",
    "time": "almost 2 years",
    "result": "Wrong Answer",
    "score": 9.8
  },
  {
    "problem": "Algorithms Sorting #7",
    "language": "c++",
    "time": "almost 2 years",
    "result": "Compilation Error",
    "score": 15.6
  },
  {
    "problem": "JavaScript Promises #8",
    "language": "c++",
    "time": "almost 2 years",
    "result": "Compilation Error",
    "score": 11.6
  },
  {
    "problem": "SQL Select Query #9",
    "language": "c++",
    "time": "almost 2 years",
    "result": "Time Limit Exceeded",
    "score": 7.7
  },
  {
    "problem": "Python Lambda #10",
    "language": "python",
    "time": "recently",
    "result": "Time Limit Exceeded",
    "score": 8.4
  },
  {
    "problem": "C++ Inheritance #11",
    "language": "bash",
    "time": "1 year ago",
    "result": "Time Limit Exceeded",
    "score": 9.2
  },
  {
    "problem": "React Hooks #12",
    "language": "java",
    "time": "6 months ago",
    "result": "Time Limit Exceeded",
    "score": 13.4
  },
  {
    "problem": "Data Structures Stack #13",
    "language": "c++",
    "time": "6 months ago",
    "result": "Time Limit Exceeded",
    "score": 19.9
  },
  {
    "problem": "SQL Join #14",
    "language": "c++",
    "time": "6 months ago",
    "result": "Accepted",
    "score": 16.1
  },
  {
    "problem": "C++ STL Vector #15",
    "language": "python",
    "time": "almost 2 years",
    "result": "Wrong Answer",
    "score": 17.2
  },
  {
    "problem": "Linux File Permissions #16",
    "language": "sql",
    "time": "1 year ago",
    "result": "Wrong Answer",
    "score": 13.2
  },
  {
    "problem": "Java List #17",
    "language": "java",
    "time": "6 months ago",
    "result": "Time Limit Exceeded",
    "score": 19.3
  },
  {
    "problem": "Linux Shell Basics #18",
    "language": "java",
    "time": "recently",
    "result": "Wrong Answer",
    "score": 8.0
  },
  {
    "problem": "Algorithms Searching #19",
    "language": "java",
    "time": "1 year ago",
    "result": "Compilation Error",
    "score": 7.7
  },
  {
    "problem": "SQL Select Query #20",
    "language": "java",
    "time": "recently",
    "result": "Wrong Answer",
    "score": 17.2
  },
  {
    "problem": "CSS Flexbox #21",
    "language": "c++",
    "time": "6 months ago",
    "result": "Accepted",
    "score": 16.7
  },
  {
    "problem": "Node.js Express Routing #22",
    "language": "python",
    "time": "almost 2 years",
    "result": "Time Limit Exceeded",
    "score": 9.7
  },
  {
    "problem": "React Components #23",
    "language": "bash",
    "time": "almost 2 years",
    "result": "Wrong Answer",
    "score": 17.8
  },
  {
    "problem": "Java List #24",
    "language": "javascript",
    "time": "almost 2 years",
    "result": "Wrong Answer",
    "score": 13.9
  },
  {
    "problem": "Java Instanceof keyword #25",
    "language": "javascript",
    "time": "1 year ago",
    "result": "Accepted",
    "score": 16.1
  },
  {
    "problem": "Java Map #26",
    "language": "bash",
    "time": "1 year ago",
    "result": "Compilation Error",
    "score": 16.2
  },
  {
    "problem": "Linux File Permissions #27",
    "language": "bash",
    "time": "recently",
    "result": "Accepted",
    "score": 12.9
  },
  {
    "problem": "Java List #28",
    "language": "sql",
    "time": "1 year ago",
    "result": "Compilation Error",
    "score": 6.2
  },
  {
    "problem": "SQL Select Query #29",
    "language": "python",
    "time": "1 year ago",
    "result": "Wrong Answer",
    "score": 5.0
  },
  {
    "problem": "CSS Flexbox #30",
    "language": "python",
    "time": "1 year ago",
    "result": "Time Limit Exceeded",
    "score": 8.9
  },
  {
    "problem": "Data Structures Stack #31",
    "language": "c++",
    "time": "almost 2 years",
    "result": "Compilation Error",
    "score": 5.7
  },
  {
    "problem": "Java List #32",
    "language": "c++",
    "time": "6 months ago",
    "result": "Accepted",
    "score": 12.4
  },
  {
    "problem": "SQL Join #33",
    "language": "sql",
    "time": "recently",
    "result": "Compilation Error",
    "score": 9.2
  },
  {
    "problem": "SQL Select Query #34",
    "language": "bash",
    "time": "6 months ago",
    "result": "Compilation Error",
    "score": 7.4
  },
  {
    "problem": "Algorithms Searching #35",
    "language": "java",
    "time": "recently",
    "result": "Time Limit Exceeded",
    "score": 13.4
  },
  {
    "problem": "CSS Flexbox #36",
    "language": "java",
    "time": "recently",
    "result": "Time Limit Exceeded",
    "score": 13.0
  },
  {
    "problem": "Algorithms Sorting #37",
    "language": "java",
    "time": "1 year ago",
    "result": "Compilation Error",
    "score": 13.1
  },
  {
    "problem": "SQL Select Query #38",
    "language": "java",
    "time": "1 year ago",
    "result": "Wrong Answer",
    "score": 14.4
  },
  {
    "problem": "CSS Flexbox #39",
    "language": "java",
    "time": "6 months ago",
    "result": "Compilation Error",
    "score": 15.4
  },
  {
    "problem": "C++ Inheritance #40",
    "language": "python",
    "time": "6 months ago",
    "result": "Accepted",
    "score": 13.7
  },
  {
    "problem": "JavaScript ES6 Features #41",
    "language": "sql",
    "time": "1 year ago",
    "result": "Wrong Answer",
    "score": 7.7
  },
  {
    "problem": "Git Commands #42",
    "language": "sql",
    "time": "1 year ago",
    "result": "Wrong Answer",
    "score": 19.8
  },
  {
    "problem": "Linux File Permissions #43",
    "language": "java",
    "time": "6 months ago",
    "result": "Time Limit Exceeded",
    "score": 18.1
  },
  {
    "problem": "C++ STL Vector #44",
    "language": "sql",
    "time": "1 year ago",
    "result": "Accepted",
    "score": 10.2
  },
  {
    "problem": "Java List #45",
    "language": "bash",
    "time": "recently",
    "result": "Compilation Error",
    "score": 7.8
  },
  {
    "problem": "Java Map #46",
    "language": "java",
    "time": "almost 2 years",
    "result": "Time Limit Exceeded",
    "score": 15.2
  },
  {
    "problem": "Java Interface #47",
    "language": "bash",
    "time": "almost 2 years",
    "result": "Compilation Error",
    "score": 8.7
  },
  {
    "problem": "Java Map #48",
    "language": "java",
    "time": "recently",
    "result": "Accepted",
    "score": 19.2
  },
  {
    "problem": "Data Structures Stack #49",
    "language": "sql",
    "time": "1 year ago",
    "result": "Compilation Error",
    "score": 17.0
  },
  {
    "problem": "Data Structures Queue #50",
    "language": "bash",
    "time": "recently",
    "result": "Time Limit Exceeded",
    "score": 16.5
  },
  {
    "problem": "SQL Join #51",
    "language": "python",
    "time": "1 year ago",
    "result": "Time Limit Exceeded",
    "score": 13.6
  },
  {
    "problem": "Linux File Permissions #52",
    "language": "javascript",
    "time": "recently",
    "result": "Compilation Error",
    "score": 14.9
  },
  {
    "problem": "HTML Forms #53",
    "language": "javascript",
    "time": "almost 2 years",
    "result": "Wrong Answer",
    "score": 16.6
  },
  {
    "problem": "REST API Basics #54",
    "language": "python",
    "time": "6 months ago",
    "result": "Wrong Answer",
    "score": 8.7
  },
  {
    "problem": "SQL Select Query #55",
    "language": "c++",
    "time": "1 year ago",
    "result": "Accepted",
    "score": 6.5
  },
  {
    "problem": "SQL Join #56",
    "language": "sql",
    "time": "1 year ago",
    "result": "Wrong Answer",
    "score": 12.6
  },
  {
    "problem": "Git Commands #57",
    "language": "sql",
    "time": "recently",
    "result": "Wrong Answer",
    "score": 6.2
  },
  {
    "problem": "JavaScript ES6 Features #58",
    "language": "bash",
    "time": "almost 2 years",
    "result": "Time Limit Exceeded",
    "score": 6.8
  },
  {
    "problem": "Java Instanceof keyword #59",
    "language": "java",
    "time": "almost 2 years",
    "result": "Wrong Answer",
    "score": 6.9
  },
  {
    "problem": "React Hooks #60",
    "language": "bash",
    "time": "6 months ago",
    "result": "Time Limit Exceeded",
    "score": 13.8
  },
  {
    "problem": "Python Lambda #61",
    "language": "python",
    "time": "almost 2 years",
    "result": "Time Limit Exceeded",
    "score": 16.4
  },
  {
    "problem": "CSS Grid #62",
    "language": "python",
    "time": "recently",
    "result": "Wrong Answer",
    "score": 13.5
  },
  {
    "problem": "Node.js Express Routing #63",
    "language": "java",
    "time": "recently",
    "result": "Wrong Answer",
    "score": 10.8
  },
  {
    "problem": "Linux Shell Basics #64",
    "language": "sql",
    "time": "1 year ago",
    "result": "Compilation Error",
    "score": 19.9
  },
  {
    "problem": "SQL Select Query #65",
    "language": "c++",
    "time": "1 year ago",
    "result": "Time Limit Exceeded",
    "score": 11.9
  },
  {
    "problem": "Python List Comprehension #66",
    "language": "python",
    "time": "recently",
    "result": "Compilation Error",
    "score": 17.1
  },
  {
    "problem": "Git Commands #67",
    "language": "c++",
    "time": "almost 2 years",
    "result": "Wrong Answer",
    "score": 9.8
  },
  {
    "problem": "Node.js Express Routing #68",
    "language": "python",
    "time": "6 months ago",
    "result": "Compilation Error",
    "score": 16.0
  },
  {
    "problem": "SQL Join #69",
    "language": "javascript",
    "time": "1 year ago",
    "result": "Time Limit Exceeded",
    "score": 15.3
  },
  {
    "problem": "Node.js Express Routing #70",
    "language": "sql",
    "time": "6 months ago",
    "result": "Wrong Answer",
    "score": 14.1
  },
  {
    "problem": "REST API Basics #71",
    "language": "bash",
    "time": "6 months ago",
    "result": "Accepted",
    "score": 13.4
  },
  {
    "problem": "Design Patterns Singleton #72",
    "language": "javascript",
    "time": "recently",
    "result": "Compilation Error",
    "score": 11.2
  },
  {
    "problem": "Node.js Express Routing #73",
    "language": "javascript",
    "time": "1 year ago",
    "result": "Accepted",
    "score": 14.0
  },
  {
    "problem": "REST API Basics #74",
    "language": "java",
    "time": "1 year ago",
    "result": "Compilation Error",
    "score": 9.5
  },
  {
    "problem": "JavaScript Promises #75",
    "language": "python",
    "time": "1 year ago",
    "result": "Wrong Answer",
    "score": 19.6
  },
  {
    "problem": "C++ STL Vector #76",
    "language": "c++",
    "time": "6 months ago",
    "result": "Accepted",
    "score": 9.0
  },
  {
    "problem": "HTML Forms #77",
    "language": "python",
    "time": "recently",
    "result": "Wrong Answer",
    "score": 11.6
  },
  {
    "problem": "CSS Flexbox #78",
    "language": "sql",
    "time": "almost 2 years",
    "result": "Accepted",
    "score": 10.1
  },
  {
    "problem": "HTML Forms #79",
    "language": "python",
    "time": "1 year ago",
    "result": "Time Limit Exceeded",
    "score": 12.5
  },
  {
    "problem": "Algorithms Sorting #80",
    "language": "bash",
    "time": "recently",
    "result": "Wrong Answer",
    "score": 16.9
  }
]